,mac,zone,floor,strength,ssid
1118,00:03:7f:fe:00:00,15,4,-61,mba-411u
2781,00:0e:38:0d:06:d7,5,2,-77,bmstu_staff
1892,00:0e:38:0d:0e:1e,11,3,-79,
3823,00:14:78:53:26:be,14,4,-65,
3957,00:18:e7:fc:87:1a,9,5,-80,CAFSTATION
3457,00:1c:f0:13:52:6c,11,0,-84,
298,00:22:55:57:51:80,14,2,-46,bmstu_staff
3182,00:26:51:af:8b:30,3,2,-70,bmstu_lb
3184,00:26:51:af:8b:31,3,2,-71,bmstu_staff
3185,00:26:51:af:8b:39,3,2,-72,bmstu_guest
127,00:26:52:d8:6e:70,11,10,-53,bmstu_lb
129,00:26:52:d8:6e:71,11,10,-55,bmstu_staff
135,00:26:52:d8:6e:76,11,10,-62,bmstu_guest
97,00:26:52:d8:6e:79,11,10,-53,bmstu_guest
137,00:26:52:d8:6e:7e,11,10,-63,bmstu_staff
136,00:26:52:d8:6e:7f,11,10,-63,bmstu_lb
4312,00:26:52:d8:74:90,11,5,-62,bmstu_lb
4310,00:26:52:d8:74:91,11,5,-60,bmstu_staff
522,00:26:52:d8:74:96,11,5,-81,bmstu_guest
4311,00:26:52:d8:74:99,11,5,-62,bmstu_guest
4349,00:26:52:d8:74:9e,11,5,-82,bmstu_staff
525,00:26:52:d8:74:9f,11,5,-82,bmstu_lb
778,00:26:52:d8:75:90,6,2,-71,bmstu_lb
2526,00:26:52:d8:75:91,6,2,-74,bmstu_staff
2800,00:26:52:d8:75:99,5,2,-75,bmstu_guest
870,00:26:52:d8:7b:d0,14,4,-45,bmstu_lb
872,00:26:52:d8:7b:d1,14,4,-46,bmstu_staff
3867,00:26:52:d8:7b:d6,14,4,-81,bmstu_guest
871,00:26:52:d8:7b:d9,14,4,-46,bmstu_guest
3866,00:26:52:d8:7b:de,14,4,-80,bmstu_staff
3868,00:26:52:d8:7b:df,14,4,-82,bmstu_lb
1665,00:26:52:d8:7e:b0,10,3,-49,bmstu_lb
1666,00:26:52:d8:7e:b1,10,3,-49,bmstu_staff
2071,00:26:52:d8:7e:b6,10,3,-81,bmstu_guest
1667,00:26:52:d8:7e:b9,10,3,-49,bmstu_guest
1976,00:26:52:d8:7e:be,10,3,-82,bmstu_staff
1978,00:26:52:d8:7e:bf,10,3,-83,bmstu_lb
456,00:26:52:d8:7e:e0,11,6,-57,bmstu_lb
457,00:26:52:d8:7e:e1,11,6,-60,bmstu_staff
469,00:26:52:d8:7e:e6,11,6,-85,bmstu_guest
455,00:26:52:d8:7e:e9,11,6,-55,bmstu_guest
471,00:26:52:d8:7e:ee,11,6,-86,bmstu_staff
472,00:26:52:d8:7e:ef,11,6,-86,bmstu_lb
3253,00:26:52:d8:7f:50,15,4,-69,bmstu_lb
3257,00:26:52:d8:7f:51,15,4,-71,bmstu_staff
3255,00:26:52:d8:7f:59,15,4,-69,bmstu_guest
4315,00:26:52:d8:7f:b0,11,5,-67,bmstu_lb
4277,00:26:52:d8:7f:b1,11,5,-69,bmstu_staff
4278,00:26:52:d8:7f:b9,11,5,-70,bmstu_guest
160,00:26:52:d8:80:60,11,10,-68,bmstu_lb
175,00:26:52:d8:80:61,11,10,-83,bmstu_staff
139,00:26:52:d8:80:69,11,10,-67,bmstu_guest
1256,00:26:52:d8:80:80,2,4,-68,bmstu_lb
1255,00:26:52:d8:80:81,2,4,-67,bmstu_staff
1269,00:26:52:d8:80:86,2,4,-83,bmstu_guest
1254,00:26:52:d8:80:89,2,4,-67,bmstu_guest
1266,00:26:52:d8:80:8e,2,4,-81,bmstu_staff
1267,00:26:52:d8:80:8f,2,4,-82,bmstu_lb
2717,00:26:52:d8:80:b0,8,2,-86,bmstu_lb
2730,00:26:52:d8:80:b1,7,2,-86,bmstu_staff
2713,00:26:52:d8:80:b9,8,2,-78,bmstu_guest
2895,00:26:52:d8:81:59,13,4,-93,bmstu_guest
1343,00:26:52:d8:81:c0,15,4,-70,bmstu_lb
1157,00:26:52:d8:81:c1,13,4,-75,bmstu_staff
1150,00:26:52:d8:81:c9,13,4,-71,bmstu_guest
3147,00:26:52:d8:82:10,0,2,-50,bmstu_lb
3146,00:26:52:d8:82:11,0,2,-49,bmstu_staff
3197,00:26:52:d8:82:16,3,2,-86,bmstu_guest
3148,00:26:52:d8:82:19,0,2,-52,bmstu_guest
3199,00:26:52:d8:82:1e,3,2,-88,bmstu_staff
3200,00:26:52:d8:82:1f,3,2,-88,bmstu_lb
3561,00:26:52:d8:82:20,11,4,-58,bmstu_lb
701,00:26:52:d8:82:21,11,4,-57,bmstu_staff
3582,00:26:52:d8:82:26,11,4,-83,bmstu_guest
700,00:26:52:d8:82:29,11,4,-56,bmstu_guest
3609,00:26:52:d8:82:2e,11,4,-84,bmstu_staff
3606,00:26:52:d8:82:2f,11,4,-83,bmstu_lb
234,00:26:52:d8:83:b6,11,9,-83,bmstu_guest
233,00:26:52:d8:83:be,11,9,-83,bmstu_staff
232,00:26:52:d8:83:bf,11,9,-83,bmstu_lb
3700,00:26:52:d8:83:f0,10,4,-83,bmstu_lb
3698,00:26:52:d8:83:f1,10,4,-82,bmstu_staff
1208,00:26:52:d8:83:f9,2,2,-82,bmstu_guest
4085,00:26:52:d8:84:70,14,5,-59,bmstu_lb
4086,00:26:52:d8:84:71,14,5,-59,bmstu_staff
619,00:26:52:d8:84:79,9,5,-56,bmstu_guest
482,00:26:52:d8:84:90,11,2,-55,bmstu_lb
2418,00:26:52:d8:84:91,11,2,-60,bmstu_staff
481,00:26:52:d8:84:99,11,2,-55,bmstu_guest
2804,00:26:52:d8:85:a0,5,2,-67,bmstu_lb
848,00:26:52:d8:85:a1,5,2,-69,bmstu_staff
846,00:26:52:d8:85:a9,5,2,-69,bmstu_guest
2319,00:26:52:d8:85:c0,12,3,-74,bmstu_lb
1861,00:26:52:d8:85:c1,11,3,-74,bmstu_staff
2316,00:26:52:d8:85:c9,12,3,-73,bmstu_guest
4199,00:26:52:d8:86:30,10,5,-51,bmstu_lb
4198,00:26:52:d8:86:31,10,5,-51,bmstu_staff
4205,00:26:52:d8:86:36,10,5,-86,bmstu_guest
4200,00:26:52:d8:86:39,10,5,-53,bmstu_guest
4218,00:26:52:d8:86:3e,10,5,-86,bmstu_staff
4219,00:26:52:d8:86:3f,10,5,-87,bmstu_lb
2384,00:26:52:d8:89:90,12,3,-49,bmstu_lb
2382,00:26:52:d8:89:91,12,3,-48,bmstu_staff
2383,00:26:52:d8:89:99,12,3,-48,bmstu_guest
178,00:26:5a:a5:56:8b,11,10,-88,rl1nio2
3592,00:3a:9a:a3:63:60,11,4,-72,bmstu_lb
3596,00:3a:9a:a3:63:61,11,4,-74,bmstu_staff
973,00:3a:9a:a3:63:69,11,4,-73,bmstu_guest
991,00:3a:9a:a3:63:6e,11,4,-93,bmstu_staff
990,00:3a:9a:a3:63:6f,11,4,-92,bmstu_lb
732,00:3a:9a:a3:68:20,11,4,-68,bmstu_lb
735,00:3a:9a:a3:68:21,11,4,-70,bmstu_staff
733,00:3a:9a:a3:68:29,11,4,-69,bmstu_guest
2678,00:3a:9a:a5:95:19,1,2,-89,bmstu_guest
2679,00:3a:9a:a5:97:a1,1,2,-91,bmstu_staff
3345,00:3a:9a:ad:91:40,12,4,-62,bmstu_lb
3348,00:3a:9a:ad:91:41,12,4,-66,bmstu_staff
3346,00:3a:9a:ad:91:49,12,4,-65,bmstu_guest
2692,00:90:4c:c1:00:00,1,2,-68,SAP-LAB
1480,00:a6:ca:5e:67:00,4,2,-82,
1441,00:a6:ca:5f:3f:00,4,2,-74,
4474,04:bf:6d:03:66:34,6,2,-78,Keenetic-2536
874,04:d4:c4:c2:1e:50,14,4,-61,
3861,04:d4:c4:c2:1e:54,14,4,-69,
1973,06:80:9b:b7:af:40,10,3,-66,
2705,0c:80:63:c6:51:22,8,2,-69,MT1-207
4397,0c:9d:92:5a:c3:00,11,5,-80,ASUS
4396,0c:9d:92:5a:c3:04,11,5,-76,ASUS_5G
2632,10:20:32:42:84:72,7,2,-81,mt2
3251,10:7b:44:79:b3:20,15,4,-63,IU3_Stud_WiFI
3271,10:7b:44:79:b3:24,15,4,-80,IU3_Stud_WiFI_5G
1434,14:91:82:28:40:d6,4,2,-61,
1444,14:91:82:28:40:d7,4,2,-77,
3181,14:dd:a9:f1:0a:68,3,2,-69,LaserLab
1386,16:18:d6:9d:28:26,3,2,-88,
1435,16:91:82:28:40:d8,4,2,-62,
1234,18:0f:76:8e:e9:59,13,4,-60,
1186,18:31:bf:c5:61:c4,13,4,-62,ASUS_5G
3179,1c:74:0d:8e:67:8c,15,4,-69,
3342,1c:74:0d:8e:67:90,11,1,-57,bmstu-89a
352,1c:af:f7:96:1b:1c,14,2,-76,KID-LAB
3993,1c:b9:c4:a9:d7:18,9,5,-87,Passpoint Wi-Fi
3992,1c:b9:c4:a9:d7:19,9,5,-86,Hotspot 2.0
439,1c:bd:b9:92:1d:7c,10,2,-88,rk5-net
1262,20:4e:7f:77:03:7a,13,5,-73,IU8-5G
460,20:cf:30:ce:5d:43,11,6,-67,IU1-603
3160,28:28:5d:64:cf:4a,0,2,-71,Keenetic-7571
2536,28:6c:07:50:9a:a5,6,3,-75,MT2
2540,28:6c:07:50:9a:a6,6,3,-84,MT2_5G
2328,28:d1:27:0e:1c:a1,12,3,-80,Studsovet
1843,28:d1:27:0e:1c:a2,12,3,-82,Studsovet_5G
3085,2c:4d:54:ba:21:e0,13,4,-71,ASUS_EBM7
2261,34:20:e3:17:5d:d8,10,2,-87,Passpoint Wi-Fi
1813,34:20:e3:17:8a:ac,12,3,-89,Passpoint Wi-Fi
2262,34:20:e3:97:5d:d8,10,2,-88,Hotspot 2.0
3359,34:20:e3:97:8a:a8,12,4,-84,Hotspot 2.0
1814,34:20:e3:97:8a:ac,12,3,-91,Hotspot 2.0
413,38:2c:4a:a2:e3:e0,11,7,-57,Kafedra SM10
414,38:2c:4a:a2:e3:e1,11,7,-63,Kafedra SM10 5
2116,38:6b:1c:05:be:68,10,3,-67,
2118,38:6b:1c:05:be:6a,10,3,-76,
4274,38:6b:1c:10:0b:70,11,5,-55,BIO
4275,38:6b:1c:10:0b:71,11,5,-62,BIO_5G
2153,38:6b:1c:18:75:f5,11,3,-73,GUK-BIO
925,38:6b:1c:1d:f7:f3,3,2,-82,
2126,3c:84:6a:ab:2b:4e,9,3,-52,363b
2689,48:5b:39:3c:10:00,1,2,-51,pd208
2729,48:5b:39:61:92:90,13,3,-59,Fiber Optics Lab
1091,48:5b:39:e8:78:93,15,4,-63,426_asp
604,4a:4b:a8:24:28:0d,14,5,-89,
1092,4c:ed:fb:a6:ba:80,15,4,-63,IU3_511u_WiFi
1062,4c:ed:fb:a6:ba:84,12,4,-76,IU3_511u_WiFi_5G
2093,50:17:ff:15:ff:20,2,3,-62,bmstu_lb
2108,50:17:ff:15:ff:21,9,3,-57,bmstu_staff
2116,50:17:ff:15:ff:26,9,3,-73,bmstu_guest
2107,50:17:ff:15:ff:29,9,3,-56,bmstu_guest
2115,50:17:ff:15:ff:2e,9,3,-73,bmstu_staff
2117,50:17:ff:15:ff:2f,9,3,-73,bmstu_lb
535,50:17:ff:de:06:80,11,5,-74,bmstu_lb
536,50:17:ff:de:06:81,11,5,-76,bmstu_staff
539,50:17:ff:de:06:86,11,5,-79,bmstu_guest
4341,50:17:ff:de:06:89,11,5,-75,bmstu_guest
4346,50:17:ff:de:06:8e,11,5,-80,bmstu_staff
4347,50:17:ff:de:06:8f,11,5,-80,bmstu_lb
1885,50:17:ff:de:06:d0,11,3,-75,bmstu_lb
1884,50:17:ff:de:06:d1,11,3,-75,bmstu_staff
3565,50:17:ff:de:06:d9,11,4,-72,bmstu_guest
3443,50:17:ff:de:06:e0,12,4,-65,bmstu_lb
3444,50:17:ff:de:06:e1,12,4,-65,bmstu_staff
3412,50:17:ff:de:06:e6,12,4,-77,bmstu_guest
1053,50:17:ff:de:06:e9,12,4,-66,bmstu_guest
3449,50:17:ff:de:06:ee,12,4,-76,bmstu_staff
3452,50:17:ff:de:06:ef,12,4,-77,bmstu_lb
1422,50:17:ff:de:08:20,15,4,-53,bmstu_lb
1421,50:17:ff:de:08:21,15,4,-52,bmstu_staff
1425,50:17:ff:de:08:26,15,4,-58,bmstu_guest
3250,50:17:ff:de:08:29,15,4,-59,bmstu_guest
1089,50:17:ff:de:08:2e,15,4,-56,bmstu_staff
1088,50:17:ff:de:08:2f,15,4,-56,bmstu_lb
2966,50:17:ff:de:08:60,13,4,-57,bmstu_lb
2967,50:17:ff:de:08:61,13,4,-58,bmstu_staff
2982,50:17:ff:de:08:66,13,4,-73,bmstu_guest
2968,50:17:ff:de:08:69,13,4,-62,bmstu_guest
2984,50:17:ff:de:08:6e,13,4,-75,bmstu_staff
2983,50:17:ff:de:08:6f,13,4,-75,bmstu_lb
24,50:17:ff:de:19:40,11,9,-55,bmstu_lb
0,50:17:ff:de:19:41,11,9,-51,bmstu_staff
49,50:17:ff:de:19:46,11,9,-55,bmstu_guest
1,50:17:ff:de:19:49,11,9,-51,bmstu_guest
27,50:17:ff:de:19:4e,11,9,-56,bmstu_staff
25,50:17:ff:de:19:4f,11,9,-55,bmstu_lb
1552,50:17:ff:de:1c:c0,4,2,-75,bmstu_lb
2890,50:17:ff:de:1c:c1,4,2,-78,bmstu_staff
1625,50:17:ff:de:1c:c6,10,3,-89,bmstu_guest
1551,50:17:ff:de:1c:c9,4,2,-75,bmstu_guest
1627,50:17:ff:de:1c:ce,10,3,-90,bmstu_staff
1624,50:17:ff:de:1c:cf,10,3,-89,bmstu_lb
2127,50:17:ff:df:3f:40,11,3,-61,bmstu_lb
2126,50:17:ff:df:3f:41,11,3,-61,bmstu_staff
2133,50:17:ff:df:3f:46,11,3,-77,bmstu_guest
2125,50:17:ff:df:3f:49,11,3,-60,bmstu_guest
2136,50:17:ff:df:3f:4e,11,3,-78,bmstu_staff
2132,50:17:ff:df:3f:4f,11,3,-77,bmstu_lb
1881,50:17:ff:df:55:50,11,3,-68,bmstu_lb
1883,50:17:ff:df:55:51,11,3,-69,bmstu_staff
1896,50:17:ff:df:55:56,11,3,-81,bmstu_guest
1882,50:17:ff:df:55:59,11,3,-68,bmstu_guest
1893,50:17:ff:df:55:5e,11,3,-79,bmstu_staff
1894,50:17:ff:df:55:5f,11,3,-80,bmstu_lb
389,50:17:ff:df:58:60,11,7,-58,bmstu_lb
388,50:17:ff:df:58:61,11,7,-57,bmstu_staff
386,50:17:ff:df:58:66,11,7,-51,bmstu_guest
387,50:17:ff:df:58:69,11,7,-56,bmstu_guest
393,50:17:ff:df:58:6e,11,7,-61,bmstu_staff
390,50:17:ff:df:58:6f,11,7,-60,bmstu_lb
514,50:17:ff:df:70:40,11,2,-53,bmstu_lb
515,50:17:ff:df:70:41,11,2,-54,bmstu_staff
516,50:17:ff:df:70:46,11,2,-55,bmstu_guest
513,50:17:ff:df:70:49,11,2,-49,bmstu_guest
517,50:17:ff:df:70:4e,11,2,-56,bmstu_staff
518,50:17:ff:df:70:4f,11,2,-57,bmstu_lb
1851,50:17:ff:df:81:10,11,3,-62,bmstu_lb
2310,50:17:ff:df:81:11,12,3,-64,bmstu_staff
2305,50:17:ff:df:81:16,12,3,-60,bmstu_guest
2307,50:17:ff:df:81:19,12,3,-63,bmstu_guest
2309,50:17:ff:df:81:1e,12,3,-64,bmstu_staff
2308,50:17:ff:df:81:1f,12,3,-63,bmstu_lb
3355,50:17:ff:df:89:50,11,1,-84,bmstu_lb
3358,50:17:ff:df:89:51,11,1,-88,bmstu_staff
1025,50:17:ff:df:89:90,3,2,-77,bmstu_lb
3246,50:17:ff:df:89:91,3,2,-76,bmstu_staff
3264,50:17:ff:df:89:96,3,2,-89,bmstu_guest
1027,50:17:ff:df:89:99,3,2,-79,bmstu_guest
3260,50:17:ff:df:89:9e,3,2,-87,bmstu_staff
3258,50:17:ff:df:89:9f,3,2,-86,bmstu_lb
1196,50:17:ff:df:89:a0,13,4,-68,bmstu_lb
3079,50:17:ff:df:89:a1,13,4,-62,bmstu_staff
3159,50:17:ff:df:89:a6,15,4,-78,bmstu_guest
3077,50:17:ff:df:89:a9,13,4,-59,bmstu_guest
1201,50:17:ff:df:89:ae,13,4,-75,bmstu_staff
1199,50:17:ff:df:89:af,13,4,-74,bmstu_lb
3880,50:c7:bf:50:2b:72,14,4,-71,
873,50:c7:bf:87:29:66,14,4,-60,
3879,50:c7:bf:87:29:6a,14,4,-68,
2821,50:c7:bf:ae:89:98,13,3,-70,
645,50:d4:f7:96:5d:02,9,5,-86,TP-Link_5D02
107,50:ff:20:1c:c0:1b,4,2,-71,e10-a3
133,50:ff:20:1c:c0:1d,4,2,-75,e10-a3
3213,50:ff:20:25:6b:bb,3,2,-57,
1050,50:ff:20:25:6b:bd,3,2,-79,
3019,50:ff:20:25:98:04,3,2,-71,
1079,50:ff:20:2f:b2:f0,3,2,-54,
2838,50:ff:20:39:ce:ed,4,2,-53,Keenetic-2054
786,50:ff:20:3a:a5:13,6,2,-82,SLSLab
3222,50:ff:20:44:c3:c9,3,2,-78,foodcort
372,50:ff:20:48:f2:c8,11,7,-71,CM10-700 5
371,52:ff:20:18:f2:c8,11,7,-71,CM10-700 GUEST
1051,52:ff:20:23:98:06,3,2,-81,
1356,52:ff:20:2b:b2:f2,3,2,-66,
2311,52:ff:20:43:d4:ae,12,3,-69,
2313,52:ff:20:43:d4:b0,12,3,-71,
1403,52:ff:20:44:c3:c9,3,2,-85,
1020,52:ff:20:45:98:04,3,2,-75,
370,52:ff:20:48:f2:c8,11,7,-71,CM10-700
2861,52:ff:20:49:ce:ed,4,2,-56,
783,52:ff:20:4a:a5:13,6,2,-81,
2883,52:ff:20:4c:c0:1b,4,2,-67,
1562,52:ff:20:4c:c0:1d,4,2,-80,
1078,52:ff:20:4f:b2:f0,3,2,-53,
3072,52:ff:20:50:12:af,2,2,-87,Keenetic-6655
990,52:ff:20:54:c3:c9,3,2,-64,foodcort
369,52:ff:20:58:f2:c8,11,7,-70,CM10-700 GUEST
3168,52:ff:20:90:12:af,0,2,-81,
3017,52:ff:20:94:c3:c9,3,2,-67,
300,54:78:1a:64:45:30,14,2,-71,BaumanPress
301,54:78:1a:64:45:31,14,2,-72,BP-Sec
1969,54:78:1a:64:49:30,9,3,-83,BaumanPress
1968,54:78:1a:64:49:31,9,3,-83,BP-Sec
320,54:78:1a:64:4b:b0,14,2,-87,BaumanPress
319,54:78:1a:64:4b:b1,14,2,-86,BP-Sec
359,54:78:1a:64:58:a0,14,2,-88,BaumanPress
358,54:78:1a:64:58:a1,14,2,-88,BP-Sec
2695,54:83:3a:71:49:78,1,2,-75,Zyxel71497a
2698,54:83:3a:71:49:79,1,2,-81,Zyxel71497a.speed
2094,58:ac:78:44:82:30,2,3,-64,bmstu_student
2096,58:ac:78:44:82:31,2,3,-65,bmstu_guest
2095,58:ac:78:44:82:32,2,3,-65,bmstu_staff
2114,58:ac:78:44:82:3d,9,3,-71,bmstu_staff
2113,58:ac:78:44:82:3e,9,3,-70,bmstu_guest
2111,58:ac:78:44:82:3f,9,3,-69,bmstu_student
2613,58:ac:78:44:8c:a0,15,3,-62,bmstu_student
2612,58:ac:78:44:8c:a1,15,3,-61,bmstu_guest
2611,58:ac:78:44:8c:a2,15,3,-61,bmstu_staff
2614,58:ac:78:44:8c:ad,15,3,-66,bmstu_staff
2615,58:ac:78:44:8c:ae,15,3,-66,bmstu_guest
2616,58:ac:78:44:8c:af,15,3,-67,bmstu_student
1499,58:ac:78:57:e3:90,15,3,-54,bmstu_student
1496,58:ac:78:57:e3:91,15,3,-49,bmstu_guest
1497,58:ac:78:57:e3:92,15,3,-52,bmstu_staff
1504,58:ac:78:57:e3:9d,15,3,-58,bmstu_staff
1501,58:ac:78:57:e3:9e,15,3,-57,bmstu_guest
1502,58:ac:78:57:e3:9f,15,3,-57,bmstu_student
3373,58:ac:78:77:8e:80,11,1,-62,bmstu_student
3371,58:ac:78:77:8e:81,11,1,-61,bmstu_guest
574,58:ac:78:77:8e:82,11,2,-61,bmstu_staff
3370,58:ac:78:77:8e:8d,11,1,-58,bmstu_staff
3369,58:ac:78:77:8e:8e,11,1,-58,bmstu_guest
3368,58:ac:78:77:8e:8f,11,1,-58,bmstu_student
861,58:ac:78:eb:e6:e0,4,2,-58,bmstu_student
2952,58:ac:78:eb:e6:e1,4,2,-52,bmstu_guest
2951,58:ac:78:eb:e6:e2,4,2,-51,bmstu_staff
2956,58:ac:78:eb:e6:ed,4,2,-61,bmstu_staff
2955,58:ac:78:eb:e6:ee,4,2,-60,bmstu_guest
2954,58:ac:78:eb:e6:ef,4,2,-60,bmstu_student
2731,58:ac:78:eb:e7:30,13,3,-61,bmstu_student
2771,58:ac:78:eb:e7:31,13,3,-59,bmstu_guest
2774,58:ac:78:eb:e7:32,13,3,-60,bmstu_staff
2775,58:ac:78:eb:e7:3d,13,3,-61,bmstu_staff
2773,58:ac:78:eb:e7:3e,13,3,-60,bmstu_guest
2772,58:ac:78:eb:e7:3f,13,3,-60,bmstu_student
2847,58:ac:78:eb:e7:c0,13,3,-59,bmstu_student
2845,58:ac:78:eb:e7:c1,13,3,-56,bmstu_guest
2846,58:ac:78:eb:e7:c2,13,3,-58,bmstu_staff
2848,58:ac:78:eb:e7:cd,13,3,-61,bmstu_staff
2849,58:ac:78:eb:e7:ce,13,3,-62,bmstu_guest
2850,58:ac:78:eb:e7:cf,13,3,-62,bmstu_student
664,58:d9:d5:b8:76:01,6,2,-59,
4449,58:d9:d5:b8:76:05,6,2,-88,
890,5c:96:9d:67:ca:bd,4,2,-81,!wifipress
779,5c:f4:ab:ce:2f:b0,6,2,-73,Terahertz_lab
2725,5c:f4:ab:ce:9b:80,7,2,-75,MT1-109
2728,5c:f4:ab:ce:9b:82,7,2,-84,MT1-109-5
2882,5c:f4:ab:ce:c1:d8,4,2,-62,Keenetic-0409
136,5c:f4:ab:ce:c1:da,4,2,-83,Keenetic-0409-5G
1672,5e:2e:a1:f6:bd:ff,10,3,-82,
2989,5e:96:9d:67:ca:be,3,2,-88,!wifipress_guest
2702,60:32:b1:ff:e0:d9,1,2,-89,TP-Link_E0DA
2696,60:32:b1:ff:e0:da,1,2,-77,TP-Link_E0DA
2589,60:a4:4c:27:55:98,15,3,-73,sec_ics 2
3207,60:a4:4c:27:55:9c,15,4,-83,sec_ics 2
3953,64:d1:54:02:ac:a2,9,5,-63,NMKN-RoC
2387,64:d1:54:9e:86:63,12,3,-75,335_Y-5
1819,64:d1:54:9e:86:64,12,3,-66,335_Y-2
2763,6a:1c:08:c0:dd:a7,7,2,-71,
391,6c:19:8f:f6:55:11,11,7,-60,704_1
314,6c:3b:6b:ff:51:77,14,2,-74,IU4-net-2
1842,6c:3b:6b:ff:59:b7,9,3,-73,IU4-net
2159,70:4f:57:84:15:b2,11,3,-78,TP-Link_15B2
1190,70:8b:cd:b1:c0:d0,2,2,-86,350
2123,70:8b:cd:b1:c0:d4,9,3,-83,350_5G
131,74:4d:28:4a:e5:74,11,10,-57,dsplab
2737,74:d0:2b:83:bc:c4,7,2,-77,ASUS
825,74:da:88:a4:b9:1f,14,4,-64,rk9-metodroom_EXT
1550,7c:0e:ce:3c:04:e8,13,3,-80,
1546,7c:0e:ce:3c:04:e9,13,3,-79,
1180,7c:95:f3:85:78:c0,13,4,-38,bmstu_lb
1179,7c:95:f3:85:78:c1,13,4,-37,bmstu_staff
1185,7c:95:f3:85:78:c6,13,4,-60,bmstu_guest
1293,7c:95:f3:85:78:c9,13,4,-52,bmstu_guest
3003,7c:95:f3:85:78:ce,13,4,-57,bmstu_staff
1183,7c:95:f3:85:78:cf,13,4,-57,bmstu_lb
2646,80:e0:1d:d7:ff:30,13,3,-57,bmstu_student
2647,80:e0:1d:d7:ff:31,13,3,-57,bmstu_guest
1700,80:e0:1d:d7:ff:32,15,3,-58,bmstu_staff
1707,80:e0:1d:d7:ff:3d,15,3,-66,bmstu_staff
1703,80:e0:1d:d7:ff:3e,15,3,-65,bmstu_guest
1708,80:e0:1d:d7:ff:3f,15,3,-66,bmstu_student
2440,80:e0:1d:d8:00:50,15,3,-53,bmstu_student
1457,80:e0:1d:d8:00:51,15,3,-53,bmstu_guest
2441,80:e0:1d:d8:00:52,15,3,-53,bmstu_staff
2443,80:e0:1d:d8:00:5d,15,3,-62,bmstu_staff
2444,80:e0:1d:d8:00:5e,15,3,-62,bmstu_guest
1460,80:e0:1d:d8:00:5f,15,3,-62,bmstu_student
1253,84:16:f9:2f:84:66,2,4,-66,bmstu_5
3117,84:16:f9:d5:76:00,2,2,-73,TP-LINK_7601_5G
1198,84:16:f9:d5:76:01,2,2,-62,TP-LINK_7601
666,84:80:2d:ec:31:e0,6,2,-62,BaumanPress
665,84:80:2d:ec:31:e1,6,2,-60,BP-Sec
2545,86:36:12:f1:8b:0b,6,3,-70,
2965,90:e6:ba:d3:5b:8c,13,4,-52,401-au
2714,90:f6:52:18:bf:84,8,2,-79,MT1-103
2690,90:f6:52:71:1f:c5,1,2,-62,TP-LINK_711FC5
2878,94:0c:6d:c4:1c:f2,13,4,-64,
3451,98:de:d0:72:37:08,11,0,-84,TP-LINK_190
1457,98:de:d0:88:8a:2e,4,2,-67,
2893,98:de:d0:e7:9c:06,13,4,-93,enecon
1281,aa:09:5b:79:6d:97,13,5,-74,
2571,ae:82:6d:00:d1:6d,7,3,-88,
1700,ae:84:c6:a9:56:56,10,3,-85,
2188,ae:84:c6:a9:56:9e,10,3,-73,
3478,b0:b2:dc:a8:81:40,12,4,-59,
2773,b0:be:76:7e:91:c4,7,2,-84,TP-Link_91C4
2659,b0:eb:57:70:ed:5a,1,2,-79,
3175,b4:fb:e4:74:ca:dc,3,2,-49,Hololab
3179,b4:fb:e4:75:ca:dc,3,2,-55,Hololab
1349,b6:36:b4:45:69:81,15,4,-74,
3176,b6:fb:e4:74:ca:dc,3,2,-49,Hololab_guest
3178,b6:fb:e4:75:ca:dc,3,2,-55,Hololab_guest
31,b8:69:f4:e8:de:08,11,9,-60,dsplab
2820,b8:a3:86:44:ae:a7,4,2,-67,mgts for sbrf
1430,b8:a3:86:5b:d0:0c,15,4,-68,
3149,b8:a3:86:5c:f9:cb,0,2,-56,
2938,b8:a3:86:65:aa:3b,4,2,-81,e10-a1
294,ba:8e:63:6a:cd:0f,11,8,-47,
2498,ba:d5:a0:6c:20:30,6,2,-88,
1416,ba:e9:d1:a6:fa:31,15,4,-89,Gags PRO
3060,bc:ee:7b:7a:61:64,3,2,-66,
4395,bc:ee:7b:80:fb:84,11,5,-73,
1156,be:fb:e4:75:ca:dc,2,2,-91,
697,c0:25:5c:82:1a:70,6,2,-72,bmstu_lb
1858,c0:25:5c:82:1a:71,11,3,-72,bmstu_staff
1876,c0:25:5c:82:1a:76,11,3,-86,bmstu_guest
700,c0:25:5c:82:1a:79,6,2,-73,bmstu_guest
1871,c0:25:5c:82:1a:7e,11,3,-82,bmstu_staff
1870,c0:25:5c:82:1a:7f,11,3,-82,bmstu_lb
2367,c0:25:5c:82:1d:b0,10,2,-51,bmstu_lb
2366,c0:25:5c:82:1d:b1,10,2,-51,bmstu_staff
173,c0:25:5c:82:1d:b6,10,2,-51,bmstu_guest
172,c0:25:5c:82:1d:b9,10,2,-45,bmstu_guest
175,c0:25:5c:82:1d:be,10,2,-52,bmstu_staff
174,c0:25:5c:82:1d:bf,10,2,-51,bmstu_lb
1054,c0:25:5c:82:23:70,12,4,-67,bmstu_lb
3349,c0:25:5c:82:23:71,12,4,-68,bmstu_staff
3357,c0:25:5c:82:23:76,12,4,-81,bmstu_guest
1017,c0:25:5c:82:23:79,12,4,-67,bmstu_guest
3354,c0:25:5c:82:23:7e,12,4,-77,bmstu_staff
3382,c0:25:5c:82:23:7f,12,4,-77,bmstu_lb
1549,c0:25:5c:82:26:50,4,2,-73,bmstu_lb
85,c0:25:5c:82:26:51,4,2,-72,bmstu_staff
1559,c0:25:5c:82:26:56,4,2,-79,bmstu_guest
1548,c0:25:5c:82:26:59,4,2,-71,bmstu_guest
1556,c0:25:5c:82:26:5e,4,2,-77,bmstu_staff
1612,c0:25:5c:82:26:5f,10,3,-77,bmstu_lb
3523,c0:25:5c:82:2c:00,11,4,-52,bmstu_lb
3519,c0:25:5c:82:2c:01,11,4,-46,bmstu_staff
3522,c0:25:5c:82:2c:06,11,4,-48,bmstu_guest
674,c0:25:5c:82:2c:09,11,4,-49,bmstu_guest
3520,c0:25:5c:82:2c:0e,11,4,-46,bmstu_staff
3521,c0:25:5c:82:2c:0f,11,4,-46,bmstu_lb
636,c0:25:5c:82:67:f0,11,2,-58,bmstu_lb
635,c0:25:5c:82:67:f1,11,2,-58,bmstu_staff
633,c0:25:5c:82:67:f6,11,2,-56,bmstu_guest
632,c0:25:5c:82:67:f9,11,2,-51,bmstu_guest
634,c0:25:5c:82:67:fe,11,2,-57,bmstu_staff
637,c0:25:5c:82:67:ff,11,2,-59,bmstu_lb
1335,c0:25:5c:82:68:d0,15,4,-60,bmstu_lb
3040,c0:25:5c:82:68:d1,13,4,-61,bmstu_staff
3042,c0:25:5c:82:68:d6,13,4,-67,bmstu_guest
3039,c0:25:5c:82:68:d9,13,4,-61,bmstu_guest
3052,c0:25:5c:82:68:de,13,4,-75,bmstu_staff
3050,c0:25:5c:82:68:df,13,4,-74,bmstu_lb
3797,c0:3f:0e:e1:5c:4c,14,4,-60,rk9-metodroom
3789,c0:4a:00:82:65:f0,14,4,-65,TP-LINK_8265F0
2724,c0:4a:00:e4:32:97,7,2,-74,MT1-113
2720,c0:4a:00:e4:32:98,8,2,-90,MT1-113-5G
1725,c0:a5:dd:15:ec:f2,14,3,-78,
1750,c0:a5:dd:15:ec:f4,14,3,-77,
2783,c4:6e:1f:70:6b:1c,5,2,-80,TP-LINK_6B1C
3163,c6:fb:e4:75:ca:dc,0,2,-75,
2280,c8:5a:9f:b2:ed:8c,10,2,-88,MGTS_GPON_C316
3167,c8:60:00:95:33:e8,0,2,-79,MT7-216
1229,c8:60:00:95:33:e9,2,1,-92,MT7-216_5G
12,cc:5d:4e:fc:9b:56,4,2,-66,ZyXEL_KEENETIC_GIGA_FC9B56
2585,ce:80:b8:64:0d:4d,6,3,-74,
3824,d0:17:c2:b1:ba:80,14,4,-66,410_2.4G
3821,d0:17:c2:b1:ba:84,14,4,-62,410_5G
839,d2:6a:ef:40:51:99,14,4,-84,
2824,d2:c3:bc:11:1f:e6,13,3,-73,
2671,d4:6e:0e:6c:ce:88,1,2,-74,TP-LINK_CE89_5G
2682,d4:6e:0e:6c:ce:89,1,2,-71,TP-LINK_CE89
194,d4:bf:7f:0f:ea:c1,10,2,-69,492_10
438,d4:ca:6d:0c:2f:ba,11,6,-46,nii_isu_dep1
2326,d4:ca:6d:4c:eb:3d,14,2,-56,IU4-net
3970,d4:ca:6d:6d:7d:61,9,5,-71,NMKN-RoC
3166,d6:fb:e4:75:ca:dc,0,2,-79,
2332,d8:07:b6:cd:7a:ee,14,2,-85,ГиперКуб 2
331,d8:07:b6:cd:7a:ef,9,2,-83,ГиперКуб 1
3100,d8:47:32:44:c1:99,2,2,-79,
3112,d8:47:32:44:c1:9a,2,2,-58,
1380,d8:47:32:f1:31:10,15,4,-89,TP-Link_3111_5G
1205,d8:47:32:f1:31:11,13,4,-76,TP-Link_3111
2686,d8:fe:e3:fe:7e:d6,1,2,-79,MT1-102
903,de:13:1c:61:21:e8,10,4,-67,
682,de:e5:7c:1e:b4:11,11,4,-68,
29,e0:3f:49:8c:ac:00,11,9,-59,RT-N14U-903
1929,e4:18:6b:01:93:62,10,3,-54,
1242,e4:18:6b:0a:e4:68,2,3,-70,
2995,e4:18:6b:0a:f6:e0,3,2,-61,
556,e4:18:6b:0a:f6:e2,10,5,-60,
1113,e4:18:6b:17:bb:2c,3,2,-62,
3212,e4:18:6b:1f:00:9c,3,2,-55,
3225,e4:18:6b:1f:03:4e,3,2,-79,Keenetic-4046
3214,e4:18:6b:1f:21:2e,3,2,-66,
3525,e4:18:6b:4c:75:e6,11,4,-55,
1413,e4:18:6b:5a:f1:84,3,2,-53,
1015,e4:18:6b:5a:f1:88,3,2,-60,
126,e4:c3:2a:34:cf:8e,11,10,-94,linksys_5G
118,e4:c3:2a:34:cf:8f,11,10,-82,linksys
699,e6:37:a5:fd:5d:3d,6,2,-73,
3121,e6:98:07:e7:ba:c1,2,2,-79,
660,e8:37:7a:94:ca:8e,9,5,-94,Keenetic-2499
105,e8:94:f6:44:10:18,11,10,-74,dsplab
189,ea:c3:2a:34:cf:8f,11,9,-79,
3128,ec:41:18:92:06:68,0,2,-65,k265
3130,ec:41:18:92:06:69,0,2,-69,k265_5G
2656,ec:43:f6:d2:d2:d8,1,2,-72,MT1-110
2628,ec:43:f6:d5:74:48,7,2,-74,Keenetic-4137
2736,ec:43:f6:d5:d6:4a,7,2,-69,pd230
1067,ec:58:ea:13:16:f8,12,4,-78,Passpoint Wi-Fi
1066,ec:58:ea:53:16:f8,12,4,-78,DOM.RU Wi-Fi
1065,ec:58:ea:93:16:f8,12,4,-78,Hotspot 2.0
1082,ec:58:ea:93:16:fc,12,4,-91,Hotspot 2.0
3356,f8:32:e4:44:a0:f8,12,4,-80,Discovery
2089,fc:8b:97:8e:ba:60,2,3,-55,354a
1964,fc:f5:28:cb:32:72,9,3,-72,ZyXEL
